﻿자치구명,설치도로명주소,위도,경도
중구,서울특별시 중구 남대문로 81,,
중구,서울특별시 중구 을지로 35,,
중구,서울특별시 중구 을지로 66,,
중구,서울특별시 중구 삼일대로 363,,
중구,서울특별시 중구 장충단로 275,,
중구,서울특별시 중구 한강대로 416,,
용산구,서울특별시 용산구 서울역 광장 15번출구,37.553149,126.968881
용산구,서울특별시 용산구 서울역 광장 1번출구,37.55376,126.969662
용산구,서울특별시 용산구 용산역 광장,37.528404,126.965569
용산구,서울특별시 용산구 용산구청 옥상,37.532709,126.99
용산구,서울특별시 용산구 용산구청 2층 외부,37.532709,126.99
용산구,서울특별시 용산구 용산경찰서 1층 외부,37.541169,126.96765
용산구,서울특별시 용산구 원효지구대 방범순찰대(옛 용산구청),37.538716,126.96589
용산구,서울특별시 용산구 서울지방보훈청 실외,37.534923,126.974192
용산구,서울특별시 용산구 용산세무서 1층 외부,37.523302,126.96868
용산구,서울특별시 용산구 국방부 컨벤스 1층 외부,37.533237,126.97859
용산구,서울특별시 용산구 순천향대학교 서울병원 장례식장 외부,37.534466,127.004585
용산구,서울특별시 용산구 순천향대학교 서울병원 신관 옥상,37.534009,127.004334
용산구,서울특별시 용산구 1층 외부 주차장 가는길 휴식장소,37.539372,126.997264
용산구,서울특별시 용산구 아이파크몰 달 주차장 4.5층,37.529492,126.964318
용산구,서울특별시 용산구 아이파크몰 해 주차장 4.5층,37.529492,126.964318
용산구,서울특별시 용산구 아이파크몰 8층 옥상,37.529492,126.964318
용산구,서울특별시 용산구 선인상가 21동 1층 외부,37.533068,126.963521
용산구,서울특별시 용산구 선인상가 21동 옥상,37.533068,126.963521
용산구,서울특별시 용산구 1층 공유지,37.533417,126.96736
용산구,서울특별시 용산구 주차장 지하 1층,37.532818,126.958895
용산구,서울특별시 용산구 아모레퍼시픽 10층 테라스,37.52911,126.968532
용산구,서울특별시 용산구 제일기획 1층 외부 주차장,37.535103,126.998616
용산구,서울특별시 용산구 건물 옥상,37.536678,126.961147
용산구,서울특별시 용산구 충영빌딩 옥상,37.538329,126.959979
용산구,"서울특별시 용산구 e테크밸리 공개공지, 옥상",37.533234,126.957656
용산구,서울특별시 용산구 삼원빌딩 옥상,37.534626,126.959002
용산구,서울특별시 용산구 대교빌딩 옥상,37.533918,126.95763
용산구,서울특별시 용산구 현대자동차사옥 옥상,37.531999,126.953751
용산구,서울특별시 용산구 진성빌딩 옥상,37.53461,126.966177
용산구,서울특별시 용산구 미성상사㈜ 1층 외부,37.538839,126.968402
용산구,서울특별시 용산구 미성상사 공장 옥상,37.538839,126.968402
용산구,서울특별시 용산구 조양빌딩 옥상,37.536223,126.963549
용산구,서울특별시 용산구 하나실업빌딩 옥상,37.534709,126.960734
용산구,서울특별시 용산구 오리온제과 옥상,37.535767,126.969873
용산구,"서울특별시 용산구 오리온제과 공장 옥상, 주차장",37.536202,126.969268
용산구,"서울특별시 용산구 우경빌딩 옥상, 1층 외부",37.534231,126.961404
용산구,서울특별시 용산구 POBA 지방행정공제회 건물 1층 주차장,37.531685,126.970651
용산구,서울특별시 용산구 넥서스밸리 1층 외부,37.534144,126.964859
용산구,서울특별시 용산구 GS한강에끌라트 1층 외부,37.531399,126.955431
용산구,서울특별시 용산구 한강그랜드오피스 주차장 옆,37.531222,126.955055
용산구,"서울특별시 용산구 용산전자오피스텔 옥상, 건물옆",37.532207,126.956792
용산구,서울특별시 용산구 NH농협은행 용산별관(하나로마트) 옥상,37.533197,126.964645
용산구,"서울특별시 용산구 대우아이빌 16층 옥상, 1층 외부",37.531695,126.968805
용산구,서울특별시 용산구 유베이스 1층 외부,37.538001,126.967147
용산구,서울특별시 용산구 대원빌딩 1층 현관옆,37.535201,126.963618
용산구,서울특별시 용산구 기독교대한감리회여선교회관 1층 외부,37.535109,127.011499
용산구,서울특별시 용산구 일각빌딩 5층,37.540322,126.989802
용산구,서울특별시 용산구 한남빌딩 5층 외부,37.535022,126.997224
용산구,서울특별시 용산구 남영비비안 1층 외부(정자),37.528894,126.964038
용산구,서울특별시 용산구 서울역 풍림 아이원플러스 공개공지,37.55492,126.968415
용산구,서울특별시 용산구 세광음악사 옥상,37.553965,126.965964
용산구,서울특별시 용산구 한화빌딩 1층 외부,37.552032,126.968943
용산구,서울특별시 용산구 보은개발빌딩 옥상,37.551185,126.96922
용산구,서울특별시 용산구 애전빌딩 옥상,37.54175,126.970388
용산구,서울특별시 용산구 한진중공업 빌딩 5층 외부,37.540529,126.972721
용산구,서울특별시 용산구 KCC IT빌딩 옥상,37.548507,126.972205
용산구,서울특별시 용산구 금강토탈패션할인매장 주차장,37.543561,126.971505
용산구,서울특별시 용산구 용산빌딩 1층 외부(건물뒤편),37.542611,126.972137
용산구,서울특별시 용산구 청룡빌딩 주차장,37.541424,126.972679
용산구,"서울특별시 용산구 롯데지알에스 옥상, 주차장",37.54154,126.971791
용산구,서울특별시 용산구 금강빌딩 주차장,37.544739,126.973179
용산구,서울특별시 용산구 수빌딩 옥상,37.532824,126.970666
용산구,서울특별시 용산구 우리빌딩 주차장,37.54096,126.973516
용산구,서울특별시 용산구 기업은행용산지점 2층 베란다,37.541995,126.973179
용산구,서울특별시 용산구 진흥빌딩 옥상,37.5485,126.977574
용산구,서울특별시 용산구 한치과의원 건물 주차장,37.54589,126.976959
용산구,서울특별시 용산구 LS용산타워 주차장,37.528002,126.967632
용산구,서울특별시 용산구 한국폴리텍대학 정수캠퍼스,37.529136,126.996483
용산구,서울특별시 용산구 한국폴리텍대학 정수캠퍼스,37.52871,126.996226
용산구,서울특별시 용산구 한국폴리텍대학 정수캠퍼스,37.529323,126.995976
용산구,서울특별시 용산구 한국폴리텍대학 정수캠퍼스,37.529799,126.996498
성동구,왕십리광장(북측),,
성동구,왕십리민자역사 후면(6번 출구),,
성동구,성수역 2번 출구 후면,,
광진구,"서울특별시 광진구 능동로 13길 39, 한아름건물 2층 (화양동)",,
광진구,"서울특별시 광진구 능동로 409, 지1층 (중곡동)",,
광진구,"서울특별시 광진구 면목로 192, B1 (중곡동)",,
광진구,"서울특별시 광진구 아차산로 237, 삼진빌딩 지하2층 (화양동)",,
광진구,"서울특별시 광진구 광나루로 56길 85, 12층 (구의동, 테크노마트)",,
광진구,"서울특별시 광진구 광나루로 606, 지하1층 (구의동)",,
광진구,"서울특별시 광진구 광나루로 621, 지하1층 (광장동)",,
광진구,"서울특별시 광진구 구의강변로 30 (구의동, 목림빌딩 지하2층)",,
광진구,"서울특별시 광진구 구의강변로 3가길 33, 지하1층 (구의동)",,
광진구,"서울특별시 광진구 구의강변로 45, 4층 (구의동, 구의동 복합빌딩)",,
광진구,"서울특별시 광진구 능동로 18, B01-3호 (자양동, 이튼타워리버3차)",,
광진구,"서울특별시 광진구 뚝섬로 33길 45 (자양동, 상석빌딩)",,
광진구,서울특별시 광진구 면목로 192 (중곡동),,
광진구,서울특별시 광진구 용마산로 21 (중곡동),,
광진구,"서울특별시 광진구 광나루로 37길 8, 지층 (구의동)",,
광진구,"서울특별시 광진구 광나루로 56길 63 (구의동, 지하1층 101호,102호,103호)",,
광진구,서울특별시 광진구 광나루로 608 (구의동),,
광진구,"서울특별시 광진구 구의강변로 35, 삼진빌딩 지하1층 (구의동)",,
광진구,"서울특별시 광진구 구의로 70 (구의동, 영덕빌딩 2층 201호)",,
광진구,서울특별시 광진구 군자로 141 (군자동),,
광진구,"서울특별시 광진구 군자로 145, 2층 (군자동)",,
광진구,"서울특별시 광진구 군자로 180, 201호 (군자동, 한창빌딩)",,
광진구,서울특별시 광진구 군자로 186 (군자동),,
광진구,서울특별시 광진구 군자로 52 (화양동),,
광진구,"서울특별시 광진구 긴고랑로 106, 2층 (중곡동)",,
광진구,"서울특별시 광진구 긴고랑로 31, 지하1층 (중곡동)",,
광진구,"서울특별시 광진구 긴고랑로 42, 지층 (중곡동)",,
광진구,"서울특별시 광진구 능동로 13길 39, 지층 (화양동, 한아름건물)",,
광진구,서울특별시 광진구 능동로 145 (화양동),,
광진구,서울특별시 광진구 능동로 184 (화양동),,
광진구,"서울특별시 광진구 능동로 314, 공영빌딩 지하1층 (중곡동)",,
광진구,"서울특별시 광진구 능동로 340, 지층 (중곡동)",,
광진구,"서울특별시 광진구 능동로 36길 30, 2층 2호 (능동)",,
광진구,"서울특별시 광진구 능동로 370, B1 (중곡동)",,
광진구,서울특별시 광진구 능동로 373 (중곡동),,
광진구,"서울특별시 광진구 능동로 387, 지층 (중곡동)",,
광진구,"서울특별시 광진구 능동로 91, 지층 (자양동)",,
광진구,"서울특별시 광진구 동일로 112, 지하1층 (화양동)",,
광진구,서울특별시 광진구 동일로 20길 60 (자양동),,
광진구,"서울특별시 광진구 동일로 222, 글터빌딩 지하층 (군자동)",,
광진구,"서울특별시 광진구 동일로 22길 111, 3층 (화양동)",,
광진구,"서울특별시 광진구 동일로 24길 69, 지층 (화양동)",,
광진구,"서울특별시 광진구 동일로 78, 지하1층 (자양동)",,
광진구,"서울특별시 광진구 뚝섬로 23길 9, 지층 (자양동, 동광빌딩)",,
광진구,"서울특별시 광진구 뚝섬로 486, 2층 (자양동)",,
광진구,서울특별시 광진구 뚝섬로 503 (자양동),,
광진구,서울특별시 광진구 뚝섬로 52길 4 (자양동),,
광진구,"서울특별시 광진구 면목로 141, 지하1층 (중곡동)",,
광진구,"서울특별시 광진구 면목로 161, 3층 (중곡동, 중곡빌딩)",,
광진구,"서울특별시 광진구 면목로 167, 2층 (중곡동)",,
광진구,"서울특별시 광진구 면목로 191, 2층 (중곡동)",,
광진구,"서울특별시 광진구 아차산로 235, 5층 (화양동)",,
광진구,서울특별시 광진구 아차산로 291 (자양동),,
광진구,"서울특별시 광진구 아차산로 29길 8, 3,4층 (화양동)",,
광진구,서울특별시 광진구 아차산로 33길 63 (화양동),,
광진구,"서울특별시 광진구 아차산로 358, 지하1층 (자양동)",,
광진구,"서울특별시 광진구 아차산로 361 (자양동, 신라빌딩)",,
광진구,서울특별시 광진구 아차산로 395 (구의동),,
광진구,"서울특별시 광진구 아차산로 401, 3층 (구의동)",,
광진구,서울특별시 광진구 아차산로 610 (광장동),,
광진구,서울특별시 광진구 아차산로 624 (광장동),,
광진구,"서울특별시 광진구 아차산로 73길 28, 지하1층 (광장동, 대광빌딩)",,
광진구,"서울특별시 광진구 아차산로 76길 5, 지하1층 (광장동)",,
광진구,"서울특별시 광진구 영화사로 10, 2층 (중곡동)",,
광진구,서울특별시 광진구 영화사로 32 (중곡동),,
광진구,"서울특별시 광진구 용마산로 66, 2층 (중곡동)",,
광진구,서울특별시 광진구 자양로 13가길 7 (자양동),,
광진구,서울특별시 광진구 자양로 13길 16 (자양동),,
광진구,"서울특별시 광진구 자양로 15길 46, 지층 (자양동)",,
광진구,"서울특별시 광진구 자양로 162 (구의동,2층)",,
광진구,"서울특별시 광진구 자양로 18길 33, 지층 (구의동)",,
광진구,서울특별시 광진구 자양로 293 (구의동),,
광진구,"서울특별시 광진구 자양로 49, 3층 (자양동)",,
광진구,서울특별시 광진구 자양로 88 (자양동),,
광진구,"서울특별시 광진구 자양번영로 12, 2층 (자양동, 신자빌딩)",,
광진구,"서울특별시 광진구 자양번영로 33 (자양동, 성보빌딩)",,
광진구,서울특별시 광진구 자양번영로 34 (자양동),,
광진구,"서울특별시 광진구 자양번영로 71, 지층 (자양동, 청아빌딩)",,
광진구,서울특별시 광진구 천호대로 112길 19 (능동),,
광진구,서울특별시 광진구 천호대로 127길 16 (중곡동),,
광진구,"서울특별시 광진구 천호대로 129길 29, 3층 (중곡동)",,
광진구,"서울특별시 광진구 천호대로 527, 거산빌딩 지하1층 (중곡동)",,
광진구,"서울특별시 광진구 천호대로 528, 지층 (군자동)",,
광진구,서울특별시 광진구 천호대로 112길 7 (능동),,
광진구,서울특별시 광진구 아차산로 370(자양동),,
광진구,"서울특별시 광진구 광나루로 56길 63, 지층 (구의동, 프라임프라자상가)",,
광진구,서울특별시 광진구 뚝섬로 27길 45 (자양동),,
광진구,서울특별시 광진구 용마산로 171 (중곡동),,
광진구,서울특별시 광진구 용마산로 7길 68 (중곡동),,
광진구,서울특별시 광진구 워커힐로 177 (광장동),,
광진구,"서울특별시 광진구 능동로 13길 39, 지하1층 (화양동)",,
광진구,서울특별시 광진구 광나루로 441 (능동),,
광진구,서울특별시 광진구 능동로 11길 지하 210 (화양동),,
광진구,"서울특별시 광진구 광나루로 382, 지하1,2층 (화양동, 아스하임)",,
광진구,"서울특별시 광진구 광나루로 392, 지하1층 (화양동)",,
광진구,서울특별시 광진구 광나루로 56길 29 (구의동),,
광진구,"서울특별시 광진구 구의로 4, 2층 (구의동)",,
광진구,서울특별시 광진구 구의로 6 (구의동),,
광진구,"서울특별시 광진구 군자로 156 (군자동,지층)",,
광진구,"서울특별시 광진구 군자로 43, 아스하임 지하1층 (화양동)",,
광진구,"서울특별시 광진구 군자로 43, 아스하임 지하2층 201호 (화양동)",,
광진구,"서울특별시 광진구 능동로 123, 3, 4층 (화양동)",,
광진구,"서울특별시 광진구 능동로 237, 지하1층 (군자동)",,
광진구,서울특별시 광진구 능동로 290 (능동),,
광진구,"서울특별시 광진구 능동로 294, 지하 (능동)",,
광진구,"서울특별시 광진구 능동로 372, 지하1층 (중곡동)",,
광진구,"서울특별시 광진구 능동로 37길 6, 지하1층 (중곡동)",,
광진구,"서울특별시 광진구 답십리로 366, 1층 (중곡동)",,
광진구,"서울특별시 광진구 동일로 38길 3 (군자동,지하1층)",,
광진구,"서울특별시 광진구 동일로 88, 1층 (자양동)",,
광진구,서울특별시 광진구 동일로 96 (자양동),,
광진구,서울특별시 광진구 뚝섬로 503 (자양동),,
광진구,"서울특별시 광진구 뚝섬로 613, 우양빌딩 지하1층 (자양동)",,
광진구,"서울특별시 광진구 뚝섬로 621, 2층 (자양동)",,
광진구,"서울특별시 광진구 뚝섬로 634, 2층 (자양동)",,
광진구,"서울특별시 광진구 면목로 161 (중곡동,지하1층)",,
광진구,"서울특별시 광진구 면목로 164 (중곡동,2층)",,
광진구,"서울특별시 광진구 면목로 172 (중곡동,3층)",,
광진구,"서울특별시 광진구 면목로 173, 104호 (중곡동)",,
광진구,"서울특별시 광진구 면목로 192 (중곡동,2층)",,
광진구,서울특별시 광진구 면목로 203 (중곡동),,
광진구,"서울특별시 광진구 아차산로 229 (화양동, 지하1층)",,
광진구,"서울특별시 광진구 아차산로 241, 연한빌딩 b1층 (화양동)",,
광진구,"서울특별시 광진구 아차산로 244, 지하1층 (자양동)",,
광진구,서울특별시 광진구 아차산로 288 (자양동),,
광진구,"서울특별시 광진구 아차산로 288, 지층 (자양동, 대흥빌딩)",,
광진구,"서울특별시 광진구 아차산로 29길 41 (화양동,지하1층)",,
광진구,"서울특별시 광진구 아차산로 377, 지하1층 (구의동)",,
광진구,"서울특별시 광진구 아차산로 471, CS PLAZA 지하1층 (구의동)",,
광진구,서울특별시 광진구 아차산로 613 (광장동),,
광진구,"서울특별시 광진구 영화사로 62-1, 지하1층 (중곡동)",,
광진구,"서울특별시 광진구 용마산로 37, 지층 (중곡동, 이안빌딩)",,
광진구,서울특별시 광진구 용마산로 58 (중곡동),,
광진구,서울특별시 광진구 자양로 15길 18 (자양동),,
광진구,"서울특별시 광진구 자양로 18길 59, 두례빌딩 2층 (구의동)",,
광진구,"서울특별시 광진구 자양로 277, 지층 (구의동)",,
광진구,"서울특별시 광진구 자양번영로 20 (자양동,자양빌딩 2층)",,
광진구,"서울특별시 광진구 천호대로 129길 29, 2층 (중곡동)",,
광진구,"서울특별시 광진구 아차산로 379, 송산빌딩 지하1층 (구의동)",,
광진구,"서울특별시 광진구 광나루로 56길 85, 테크노-마트21 B1층 A-19호 (구의동)",,
광진구,"서울특별시 광진구 능동로 110, 4층 (화양동)",,
광진구,서울특별시 광진구 면목로 113-1 (중곡동),,
광진구,서울특별시 광진구 아차산로 230 (자양동),,
광진구,"서울특별시 광진구 아차산로 55길 30, 정일빌딩 1층 (구의동)",,
광진구,서울특별시 광진구 자양로 13길 4 (자양동),,
광진구,"서울특별시 광진구 자양로 18길 12-4 (구의동,(1층))",,
광진구,"서울특별시 광진구 자양로 312, 욱현빌딩 2층 (구의동)",,
광진구,서울특별시 광진구 워커힐로 177 (광장동),,
광진구,"서울특별시 광진구 군자로 49, 1층 (화양동)",,
광진구,"서울특별시 광진구 능동로 438, 1층 (중곡동)",,
광진구,"서울특별시 광진구 광나루로 396, 3층 (화양동)",,
광진구,"서울특별시 광진구 광나루로 604, 지하1층 (구의동, 진넥스 베르디엠)",,
광진구,"서울특별시 광진구 구의강변로 45, 5층 (구의동, 구의동 복합빌딩)",,
광진구,"서울특별시 광진구 군자로 137 (군자동,2층)",,
광진구,"서울특별시 광진구 군자로 70, 2층 (군자동, 동일흥업주식회사)",,
광진구,"서울특별시 광진구 면목로 126, 3,4층 (중곡동, 중곡동주차빌딩)",,
광진구,"서울특별시 광진구 아차산로 30길 36 (자양동, 서울특별시 동부여성발전센타)",,
광진구,"서울특별시 광진구 아차산로 511 (광장동,지층)",,
광진구,"서울특별시 광진구 용마산로 36, 지층 (중곡동)",,
광진구,"서울특별시 광진구 구의강변로 86, 3층 303,304호 (구의동, 구의동강변리치타워)",,
광진구,"서울특별시 광진구 군자로 75 (군자동, 지장빌딩)",,
광진구,"서울특별시 광진구 뚝섬로 54길 74 (자양동, 자양5차현대아파트)",,
광진구,"서울특별시 광진구 아차산로 522, 상가동 301호 (광장동, 현대8차@)",,
광진구,"서울특별시 광진구 아차산로 710 (광장동,현대프라자2층201호)",,
광진구,서울특별시 광진구 자양로 53길 21 (구의동),,
광진구,"서울특별시 광진구 자양로 86, 지하1층 (자양동)",,
광진구,"서울특별시 광진구 면목로 160, 2층 (중곡동, 경일빌딩)",,
광진구,서울특별시 광진구 아차산로 453 (구의동),,
광진구,"서울특별시 광진구 광나루로 390, 2층 (화양동)",,
광진구,"서울특별시 광진구 능동로 103, 지하1,2층 (화양동)",,
광진구,"서울특별시 광진구 능동로 296, 1층,2층 (능동, 퓨처큐브타워)",,
광진구,"서울특별시 광진구 능동로 90, 1층 (자양동)",,
광진구,"서울특별시 광진구 아차산로 207 (화양동,1층)",,
광진구,"서울특별시 광진구 아차산로 236, 1층,2층,3층,4층 (자양동)",,
광진구,"서울특별시 광진구 아차산로 243, 2호선 건대입구역 2층 212-007호 (화양동)",,
광진구,"서울특별시 광진구 아차산로 30길 8, 2층 (자양동)",,
광진구,"서울특별시 광진구 용마산로 29길 40, 우분트 1층 (중곡동)",,
광진구,"서울특별시 광진구 자양로 202, 2층 (구의동)",,
광진구,"서울특별시 광진구 자양로 37길 7, 1층 (구의동)",,
광진구,서울특별시 광진구 천호대로 576 (능동),,
광진구,서울특별시 광진구 능동로 120 (화양동),,
광진구,서울특별시 광진구 능동로 120 (화양동),,
광진구,서울특별시 광진구 능동로 120 (화양동),,
광진구,서울특별시 광진구 능동로 120 (화양동),,
광진구,서울특별시 광진구 능동로 120 (화양동),,
광진구,서울특별시 광진구 능동로 120 (화양동),,
광진구,서울특별시 광진구 능동로 120 (화양동),,
광진구,서울특별시 광진구 능동로 120 (화양동),,
광진구,서울특별시 광진구 능동로 120 (화양동),,
광진구,서울특별시 광진구 능동로 120 (화양동),,
광진구,서울특별시 광진구 능동로 120 (화양동),,
광진구,서울특별시 광진구 능동로 120 (화양동),,
광진구,서울특별시 광진구 능동로 209 (군자동),,
광진구,서울특별시 광진구 능동로 209 (군자동),,
광진구,서울특별시 광진구 능동로 209 (군자동),,
광진구,서울특별시 광진구 능동로 209 (군자동),,
광진구,서울특별시 광진구 능동로 209 (군자동),,
광진구,서울특별시 광진구 능동로 209 (군자동),,
광진구,서울특별시 광진구 능동로 209 (군자동),,
광진구,서울특별시 광진구 긴고랑로 131 (중곡동),,
광진구,서울특별시 광진구 아차산로 567 9 (광장동),,
광진구,서울특별시 광진구 광나루로 480 (구의동),,
광진구,서울특별시 광진구 자양로 167 (구의동),,
광진구,서울특별시 광진구 구의강변로 38 (구의동),,
광진구,서울특별시 광진구 능동로 90 (자양동),,
광진구,서울특별시 광진구 동일로 156 (화양동),,
광진구,서울특별시 광진구 동일로 172 (화양동),,
광진구,"서울특별시 광진구 동일로 90, 호텔케이월드 (자양동)",,
광진구,서울특별시 광진구 워커힐로 177 (광장동),,
광진구,"서울특별시 광진구 자양로 18길 26, 4층 (구의동)",,
광진구,서울특별시 광진구 천호대로 521 (중곡동),,
광진구,서울특별시 광진구 천호대로 560 (능동),,
광진구,"서울특별시 광진구 자양로 165, 송곡회관 1층 (구의동)",,
광진구,서울특별시 광진구 자양로 283 (구의동),,
광진구,서울특별시 광진구 광나루로 36길 56 (구의동),,
광진구,서울특별시 광진구 자양로 117(자양동),,
광진구,"서울특별시 광진구 능동로 120 (화양동, 건국대학교)",,
광진구,서울특별시 광진구 강변역로 2 (구의동),,
동대문구,레프트커피(경희대로 20) 옥상,,
동대문구,빅히트스크린야구(이문로 82) 테라스,,
동대문구,천호대로 307 (답십리동) 10층,,
동대문구,고미술로 100(답십리동) 옥상,,
동대문구,천호대로 329(답십리동) 1층,,
동대문구,한천로11길 6(답십리동) 옥상,,
동대문구,홍릉로 58(청량리동) 1층,,
동대문구,회기로 47(청량리동) 1층,,
동대문구,회기로 57(청량리동) 1층,,
동대문구,왕산로 61(용두동) 옥상,,
동대문구,왕산로 25(신설동) 옥상,,
동대문구,왕산로 25(신설동) 1층,,
동대문구,왕산로 21(신설동) 옥상,,
동대문구,왕산로 19(신설동) 옥상,,
동대문구,왕산로 15(신설동) 옥상,,
동대문구,왕산로 4(신설동) 테라스,,
동대문구,왕산로 117(제기동) 옥상,,
동대문구,왕산로 127(제기동) 옥상,,
동대문구,장한로 91(장안동) 1층,,
동대문구,한천로14길 87(장안동) 1층,,
동대문구,천호대로 151(용두동) 1층,,
동대문구,이문로 156(이문동) 옥상,,
동대문구,이문로 156(이문동) 1층,,
동대문구,이문로 199(이문동) 1층,,
동대문구,장한로 40(장안동) 옥상,,
동대문구,청계천로 447(신설동) 1층,,
동대문구,난계로28길 23(신설동) 3층,,
동대문구,난계로 250(신설동) 옥상,,
동대문구,난계로30길 27(신설동)옥상,,
동대문구,청계천로 439(신설동) 1층,,
동대문구,청계천로 447(신설동) 1층,,
동대문구,왕산로 4(신설동) 옥상,,
동대문구,천호대로 26(신설동) 옥상,,
동대문구,왕산로6(신설동) 옥상,,
동대문구,왕산로6(신설동) 1층,,
동대문구,답십리로 303(장안동) 옥상,,
동대문구,이문로 197(이문동) 1층,,
동대문구,답십리로 294(장안동) 2층,,
동대문구,답십리로92길 68(장안동) 1층,,
동대문구,회기로 123(회기동) 옥상,,
동대문구,사가정로 229(장안동) 1층,,
동대문구,한천로46길 2(장안동) 1층,,
동대문구,답십리로 29(답십리동) 3층,,
동대문구,답십리로 29(답십리동) 4층,,
동대문구,답십리로 29(답십리동) 5층,,
동대문구,회기로 66(청량리동) 1층,,
동대문구,한천로 272(휘경동) 1층,,
동대문구,답십리로64길 103(장안동) 1층,,
동대문구,장한로 47(장안동) 1층,,
동대문구,이문로 136(이문동) 1층,,
동대문구,망우로 60(휘경동) 옥상,,
동대문구,망우로12길 6(휘경동) 1층,,
동대문구,사가정로 272(장안동) 1층,,
동대문구,사가정로 203(전농동) 1층,,
동대문구,천호대로 395 2(장안동) 옥상,,
동대문구,천호대로 393(장안동) 옥상,,
동대문구,천호대로 381(장안동) 옥상,,
동대문구,천호대로 357(장안동) 1층,,
동대문구,청계천로 439(용두동) 1층,,
동대문구,왕산로 6(신설동) 1층,,
동대문구,왕산로 6(신설동) 옥상,,
동대문구,왕산로 4(신설동) 옥상,,
동대문구,황물로 60(답십리동) 옥상,,
동대문구,장한로10길 9(장안동) 1층,,
동대문구,장한로 120(장안동) 옥상,,
동대문구,한천로 77(답십리동) 테라스 2층,,
동대문구,한천로 77(답십리동) 테라스 4층,,
동대문구,한천로 77(답십리동) 테라스 5층,,
동대문구,한천로 77(답십리동) 테라스 6층,,
동대문구,장안벚꽃로 279(휘경동) 1층,,
동대문구,왕산로 71(용두동) 옥상,,
동대문구,장한로 22(장안동) 1층,,
동대문구,천호대로 433(장안동) 1층,,
동대문구,천호대로 437(장안동) 옥상,,
동대문구,천호대로 437(장안동) 옥상,,
동대문구,홍릉로 28(청량리동) 옥상,,
동대문구,천호대로 444 1(장안동) 옥상,,
동대문구,장한로2길 62(장안동) 1층,,
동대문구,회기로 37(청량리동) 1층,,
동대문구,왕산로 53(용두동) 1층,,
동대문구,동대문구청(천호대로 145) 1층,,
동대문구,동대문구청(천호대로 145) 5층,,
동대문구,동대문구민회관(장한로18길 82 9) 1층,,
동대문구,동대문소방서(장한로 34) 1층,,
동대문구,동대문우체국(천호대로 4) 1층,,
동대문구,서울명병원(고산자로 421) 옥상,,
동대문구,멘토스병원(한천로 49) 옥상,,
동대문구,대한민국정형외과(장한로 200) 1층,,
동대문구,경희의료원(경희대로 23) 1층,,
동대문구,브레인요양병원(장한로32길 7) 옥상,,
동대문구,참튼튼병원(답십리로 261) 옥상,,
동대문구,삼육서울병원(망우로 82) 1층,,
동대문구,동부시립병원(무학로 124) ,,
동대문구,주식회사호텔케이피(회기로 188 5)1층,,
동대문구,CMS INN.SEOUL(회기로 188 12)옥상,,
동대문구,더리센츠호텔(천호대로 383) 1층,,
동대문구,골든씨티호텔(천호대로 377)1층,,
동대문구,한빛로 12(신설동) 1층,,
동대문구,래미안엘파인아파트한천로37길 33(답십리동) 1층,,
동대문구,장한로 37(장안동) 1층,,
동대문구,"장한로2길 33, 2층",,
동대문구,"장한로2길 33, 3층",,
동대문구,"장한로2길 33, 4층",,
동대문구,"장한로2길 33, 5층",,
동대문구,"장한로2길 33, 5층",,
동대문구,왕산로 214 1층,,
동대문구,왕산로 214 3층,,
동대문구,왕산로 214 7층 옥상,,
동대문구,천호대로 421 옥상,,
동대문구,장한로6 옥상,,
중랑구,봉화산로 179(신내동),,
중랑구,동일로 619(면목동),,
중랑구,신내로 156,,
중랑구,사가정로49길 53,,
중랑구,망우로 418,,
중랑구,망우로 403,,
중랑구,망우로 182(상봉동),,
중랑구,동일로 862,,
중랑구,중랑천로 71,,
중랑구,망우로 418,,
중랑구,면목로 470,,
중랑구,용마산로90길 28,,
중랑구,망우로 353,,
중랑구,망우로 399,,
중랑구, 면목동 359-15번지 지하1층 ,,
중랑구, 면목동 176-11번지 1층 ,,
중랑구, 중화동 316-1번지 지하1층 ,,
중랑구, 면목동 665-3번지 ,,
중랑구, 상봉동 115-20번지 ,,
중랑구, 망우동 147-21번지 지상2층 ,,
중랑구, 중화동 314-1번지 지하1층 ,,
중랑구, 망우동 487-17번지 지하1층 ,,
중랑구, 묵동 244-140번지 지상3층 ,,
중랑구, 신내동 454-4번지 지상3층 ,,
중랑구, 면목동 399-36번지 지상2층 ,,
중랑구, 면목동 458-76번지 지상3층 ,,
중랑구," 면목동 103-5번지 지상2,3층 ",,
중랑구, 중화동 311-10번지 지하1층 ,,
중랑구, 상봉동 88-95번지 ,,
중랑구, 상봉동 113-4번지 지하1층 ,,
중랑구, 중화동 307-63번지 지상3층 ,,
중랑구, 신내동 587-4번지 지상3층 ,,
중랑구, 중화동 311-7번지 ,,
중랑구, 면목동 103-6번지 ,,
중랑구, 망우동 572번지 용마프라자 지하001호,,
중랑구, 면목동 661-4번지 지하1층 ,,
중랑구," 상봉동 496 우정 상가동 비01,비02,비03,비04,비05,비06 ",,
중랑구, 신내동 494-5번지 지하1층 ,,
중랑구, 면목동 102-2번지 지상2층 ,,
중랑구, 묵동 170-27번지 월등스카이뷰아파트 비101 ,,
중랑구, 면목동 497-7번지 2층 ,,
중랑구, 면목동 118-1번지 2층 ,,
중랑구, 면목동 578-28번지 외 2필지 지상2층 ,,
중랑구, 면목동 653-1번지 3층 ,,
중랑구," 망우동 479 한일써너스빌리젠시1단지 S1215, S1216 지상2층 ",,
중랑구, 상봉동 122번지 2층 ,,
중랑구, 면목동 103-6번지 2층 ,,
중랑구, 면목동 117-17번지 2층 ,,
중랑구, 상봉동 136-1번지 3층 4호,,
중랑구, 신내동 613-10번지 외 1필지 3층 ,,
중랑구, 상봉동 84-22번지 2층 ,,
중랑구, 면목동 458-49번지 지하1층 ,,
중랑구, 면목동 148-31번지 ,,
중랑구, 상봉동 118번지 외2 ,,
중랑구, 중화동 307-1번지 1층 17회외22 ,,
중랑구, 면목동 184-13번지 세일종합상가 2층 ,,
중랑구, 면목동 51-19번지 지상2층 ,,
중랑구, 묵동 174-4번지 지하1층 ,,
중랑구, 신내동 613-71번지 부영빌딩3층 ,,
중랑구, 면목동 146-75번지 3층 ,,
중랑구, 면목동 497-7번지 2층 ,,
중랑구, 신내동 644번지 엘리어트하우스 지하1동 102호,,
중랑구, 면목동 51-1번지 3층 ,,
중랑구, 면목동 50-47번지 2층 ,,
중랑구, 면목동 496-4번지 지하1층 ,,
중랑구, 상봉동 300-2번지 2층 ,,
중랑구, 중화동 307-62번지 지상1층 ,,
중랑구, 묵동 238-2번지 2층 201호 ,,
중랑구, 망우동 491-38번지 3층 ,,
중랑구, 중화동 315-10번지 2층 ,,
중랑구, 중화동 325-16번지 지상1층 ,,
중랑구, 면목동 472-8번지 지상2층 ,,
중랑구, 면목동 68-11번지 지상2층 ,,
중랑구, 중화동 301-49번지 지상1층 ,,
중랑구, 면목동 175-85번지 지상1층 ,,
중랑구, 망우동 357-36번지 지상1층 ,,
중랑구, 상봉동 90-12번지 ,,
중랑구, 면목동 161-34번지 3층 ,,
중랑구, 상봉동 84-28번지 지상1층 ,,
중랑구, 상봉동 90-49번지 ,,
중랑구, 망우동 516-2번지 2층 ,,
중랑구, 상봉동 88-38번지 ,,
중랑구, 망우동 410-1번지 지상2층 ,,
중랑구, 상봉동 115-19번지 지상2층 ,,
중랑구, 묵동 176-1번지 3층 ,,
중랑구, 상봉동 90-61번지 지상1층 ,,
중랑구, 상봉동 129-3번지 지층 ,,
중랑구, 망우동 358-5번지 지층 ,,
중랑구, 신내동 800번지 동광오뜨빌 ,,
중랑구, 면목동 17-31번지 지층 ,,
중랑구, 상봉동 130-139번지 ,,
중랑구, 상봉동 130-130번지 2층 ,,
중랑구, 상봉동 118번지 ,,
중랑구, 면목동 105-4번지 ,,
중랑구, 면목동 720-6번지 ,,
중랑구, 중화동 311-3번지 ,,
중랑구, 면목동 177-43번지 ,,
중랑구, 면목동 456-27번지 ,,
중랑구, 중화동 311-9번지 임마누엘교회 ,,
중랑구, 면목동 167-47번지 ,,
중랑구, 상봉동 130-108번지 ,,
중랑구, 망우동 464-27번지 ,,
중랑구, 묵동 239-154번지 ,,
중랑구, 망우동 466-1번지 준인테리어 ,,
중랑구, 면목동 72-1번지 3층 ,,
중랑구, 면목동 134-14번지 ,,
중랑구, 묵동 235-17번지 ,,
중랑구, 망우동 487-17번지 지하1층 ,,
중랑구, 망우동 523-66번지 ,,
중랑구, 신내동 797번지 동성7차아파트 ,,
중랑구, 면목동 458-1번지 ,,
중랑구, 상봉동 125-68번지 ,,
중랑구, 면목동 44-17번지 ,,
중랑구, 면목동 14-26번지 ,,
중랑구, 상봉동 130-56번지 ,,
중랑구, 신내동 613-15번지 ,,
중랑구, 망우동 495번지 한일써너스빌리젠시2단지 ,,
중랑구, 망우동 488-16번지 동성빌딩 ,,
중랑구, 면목동 161-8번지 ,,
중랑구, 면목동 455-19번지 ,,
중랑구, 중화동 302-81번지 양지대중사우나 ,,
중랑구, 망우동 469-36번지 바울선교회 ,,
중랑구, 면목동 715번지 늘푸른동아아파트 ,,
중랑구, 면목동 151-7번지 ,,
중랑구," 상봉동 113번지 B101,호",,
중랑구, 망우동 403-16번지 ,,
중랑구, 망우동 461-1번지 3층 ,,
중랑구, 면목동 175-40번지 지하1층 ,,
중랑구, 면목동 167-47번지 ,,
중랑구, 면목동 72-57번지 2층 ,,
중랑구," 묵동 239-1번지 3층 1,2호",,
중랑구, 상봉동 101-15번지 ,,
중랑구, 망우로70길 105 (망우동),,
중랑구, 면목로27길 6 (면목동),,
중랑구, 봉화산로 193 (신내동),,
중랑구, 용마산로 348 (면목동),,
중랑구, 신내로25가길 2 (묵동),,
중랑구, 동일로 752 (중화동),,
중랑구, 용마산로 623 (신내동),,
중랑구, 숙선옹주로 91 (묵동),,
중랑구, 중랑천로10길 76 (면목동),,
중랑구," 봉화산로 194  (신내동,신아타운(1202호))",,
중랑구, 봉화산로56길 153 (신내동),,
중랑구, 용마산로 494 (망우동),,
중랑구, 망우로 448 (망우동),,
중랑구, 용마산로129나길 6 (신내동),,
중랑구, 면목로39길 18 (면목동),,
중랑구, 신내로21길 6 (묵동),,
중랑구, 망우로 316 (상봉동),,
중랑구, 동일로143길 19 (중화동),,
중랑구, 겸재로 226-3 (면목동),,
중랑구, 신내로7가길 35 (상봉동),,
중랑구, 신내로 48 (신내동),,
중랑구, 면목로39길 11 (면목동),,
중랑구," 숙선옹주로 6-9 (묵동, 묵동자이아파트)",,
중랑구, 숙선옹주로 6-9 (묵동),,
중랑구, 중랑역로 262 (묵동),,
중랑구, 봉화산로 194-1002 (신내동),,
중랑구," 용마산로 361 (면목동, 영스포츠)",,
중랑구," 용마산로 382 (면목동, 정이든빌딩)",,
중랑구, 면목로49길 71 (면목동),,
중랑구, 망우로 458 (망우동),,
중랑구, 용마산로 389 (면목동),,
중랑구, 면목로37길 17 (면목동),,
중랑구, 사가정로52길 22 (면목동),,
중랑구, 용마산로 494 (망우동),,
중랑구, 동일로 608 (면목동),,
중랑구, 신내로14길 13 (신내동),,
중랑구, 봉화산로 117 (상봉동),,
중랑구, 동일로 851 (묵동),,
중랑구, 망우로 186 (상봉동),,
중랑구, 용마산로115길 108 (망우동),,
중랑구," 동일로129길 35 (중화동,태능에센빌 복합상가 지하1층)",,
중랑구, 면목로39길 11 (면목동),,
중랑구," 숙선옹주로 6-9 (묵동, 묵동자이아파트)",,
중랑구," 망우로30길 3 (상봉동,안산빌딩 2층)",,
중랑구, 중랑역로 262 (묵동),,
중랑구, 봉화산로 194 (신내동),,
중랑구, 봉우재로 73 (상봉동),,
중랑구," 신내로 127 (신내동, 신내 9단지 아파트)",,
중랑구," 면목로44길 28 (면목동, 아람플러스리빙)",,
중랑구, 봉우재로71길 18 (망우동),,
중랑구, 겸재로49길 18 (면목동),,
중랑구," 신내역로 165 (신내동, 신내우디안 2단지 휘트니스센터)",,
중랑구, 동일로 937 (묵동),,
중랑구," 봉화산로56길 153, 4층 408호 (신내동, 대명프라자)",,
중랑구, 면목로 지하 487 (상봉동),,
중랑구," 상봉로 39 (면목동, MS빌딩)",,
중랑구," 망우로60길 37 (망우동, 효성써너스빌에코)",,
중랑구," 면목로39길 8 (면목동, 한성빌딩)",,
중랑구," 망우로 328, 3층 (상봉동, 시네마시티)",,
중랑구," 동일로 802, 지하1층 (중화동, 대신빌딩)",,
중랑구," 동일로 887 (묵동, 삼삼메디컬빌딩)",,
중랑구," 상봉중앙로 41, 2층 (상봉동, 해동 훼미리)",,
중랑구, 용마산로 458 (망우동),,
중랑구," 신내로 193, 엘리어트하우스 B층 1호 (신내동)",,
중랑구," 용마산로 384, 2, 3층 (면목동)",,
중랑구," 봉화산로 218, 지하2층 (신내동)",,
중랑구, 면목로33길 33 (면목동),,
중랑구, 면목로 368  (면목동),,
중랑구, 망우로32길 37 (면목동),,
중랑구, 중랑역로 51 (중화동),,
중랑구, 용마산로 418 (면목동),,
중랑구, 동일로129길 54 (중화동),,
중랑구, 중랑역로 95 (중화동),,
중랑구, 봉화산로 218 (신내동),,
중랑구, 송림길 7 (상봉동),,
중랑구, 면목로 342 (면목동),,
중랑구, 망우로30길 30 (상봉동),,
중랑구, 면목로 361 (면목동),,
중랑구, 신내로14길 13 (신내동),,
중랑구, 면목로 419 (면목동),,
중랑구, 동일로 905  (묵동),,
중랑구, 중랑역로 122 (중화동),,
중랑구, 망우로 422 (망우동),,
중랑구, 동일로163길 8 (묵동),,
중랑구, 용마산로 554 (망우동),,
중랑구, 망우로 316 (상봉동),,
중랑구, 동일로129길 12 (중화동),,
중랑구, 봉우재로 195 (망우동),,
중랑구, 봉우재로 39 (면목동),,
중랑구, 용마산로 414 (면목동),,
중랑구, 봉화산로52길 58 (신내동),,
중랑구, 중랑천로10길 76 (면목동),,
중랑구, 용마산로 426 (면목동),,
중랑구, 망우로 202 (상봉동),,
중랑구, 사가정로 389 (면목동),,
중랑구, 망우로 204 (상봉동),,
중랑구, 망우로 291 (상봉동),,
중랑구, 동일로 607 (면목동),,
중랑구, 용마산로 328 (면목동),,
중랑구," 중랑역로 262, 2층 (묵동, 동양제일관광나이트)",,
중랑구, 봉화산로56길 77 (신내동),,
중랑구, 용마산로 440 (면목동),,
중랑구," 면목로37길 5 (면목동, 중하빌딩)",,
중랑구," 겸재로 264 (면목동, (주)그린고속관광)",,
중랑구," 용마산로 493, 동양빌딩 지층 1호 (망우동)",,
중랑구," 면목로 289, 4층 (면목동)",,
중랑구, 상봉중앙로 45 (상봉동),,
중랑구, 망우로 247 (중화동),,
중랑구, 면목로23길 20 (면목동),,
중랑구," 용마산로100길 13, 면일체육문화센터 (망우동)",,
강북구,서울시 강북구 도봉로 242,,
강북구,서울시 강북구 삼각산로 089,,
강북구,서울시 강북구 오패산로 406,,
강북구,서울시 강북구 한천로 913,,
강북구,서울시 강북구 오현로 145,,
강북구,서울시 강북구 덕릉로40길 74,,
강북구,서울시 강북구 도봉로 238,,
강북구,서울시 강북구 솔샘로 223,,
강북구,서울시 강북구 도봉로 62,,
강북구,서울시 강북구 한천로 1289,,
노원구,서울특별시 노원구 중계동 507 중계근린공원 주차장 내,37.63965447,127.0651318
노원구,서울특별시 노원구 중계동 508-1 등나무문화공원 주차장 내,37.64044018,127.0676933
은평구,"서울특별시 은평구 연서로 73, 지하1층 (역촌동)",,
은평구,"서울특별시 은평구 갈현로 300, 지하1층 (갈현동)",,
은평구,"서울특별시 은평구 통일로 731, 3층 (대조동)",,
은평구,"서울특별시 은평구 은평로 52 (신사동,지층)",,
은평구,"서울특별시 은평구 가좌로7길 28-1 (응암동,2층)",,
은평구,"서울특별시 은평구 녹번로 57 (녹번동,지층)",,
은평구,"서울특별시 은평구 연서로32길 3, 지층 (불광동)",,
은평구,"서울특별시 은평구 응암로 168-1 (응암동,2층,3층)",,
은평구,"서울특별시 은평구 갈현로41길 10-1 (갈현동,3층)",,
은평구,"서울특별시 은평구 은평로 192, 지층 (응암동)",,
은평구,"서울특별시 은평구 증산로7길 16 (증산동,지1층)",,
은평구,"서울특별시 은평구 통일로 855-20 (갈현동,회원빌딩4층)",,
은평구,"서울특별시 은평구 응암로13길 6  (응암동,3층)",,
은평구,"서울특별시 은평구 응암로 247, 2층 (응암동)",,
은평구,"서울특별시 은평구 통일로 822, 지층 (불광동)",,
은평구,"서울특별시 은평구 통일로83길 6-5  (갈현동,지층)",,
은평구,"서울특별시 은평구 은평로 187-1 (녹번동, 이화빌딩)",,
은평구,"서울특별시 은평구 갈현로 39-1, 2층 (신사동)",,
은평구,"서울특별시 은평구 서오릉로 178 (갈현동,2층)",,
은평구,"서울특별시 은평구 응암로 217, 지하호 (응암동)",,
은평구,"서울특별시 은평구 증산로 361, 3층 (증산동)",,
은평구,"서울특별시 은평구 연서로 211, 지층 (갈현동)",,
은평구,"서울특별시 은평구 응암로 308  (응암동,지층)",,
은평구,"서울특별시 은평구 진흥로1길 21, 2층 (역촌동)",,
은평구,서울특별시 은평구 통일로 850 (불광동),,
은평구,"서울특별시 은평구 진흥로 112  (녹번동,2층,4층)",,
은평구,"서울특별시 은평구 은평로 5 (신사동,2층)",,
은평구,"서울특별시 은평구 통일로 697, 3층 (녹번동)",,
은평구,"서울특별시 은평구 역말로 7  (역촌동,1층)",,
은평구,"서울특별시 은평구 서오릉로 192, 지층 (갈현동)",,
은평구,"서울특별시 은평구 갈현로 188, 1,2층 (갈현동)",,
은평구,"서울특별시 은평구 서오릉로 77, 3층동 (역촌동)",,
은평구,"서울특별시 은평구 연서로 320  (불광동,2층)",,
은평구,"서울특별시 은평구 연서로 213 (갈현동,지층)",,
은평구,서울특별시 은평구 연서로21길 36 (갈현동),,
은평구,"서울특별시 은평구 응암로 169, 3층 (응암동)",,
은평구,서울특별시 은평구 불광로 121 (불광동),,
은평구,"서울특별시 은평구 통일로 827, 지하1층 (대조동)",,
은평구,"서울특별시 은평구 역말로 72, 2층 (역촌동)",,
은평구,"서울특별시 은평구 은평로 136, 5층 (응암동)",,
은평구,"서울특별시 은평구 응암로 159-2, 1층 (응암동)",,
은평구,"서울특별시 은평구 진흥로 144, 지층 (녹번동)",,
은평구,"서울특별시 은평구 서오릉로 174, 1층 (갈현동)",,
은평구,"서울특별시 은평구 연서로 204, 2층 (대조동)",,
은평구,"서울특별시 은평구 역말로 82, 1층 (역촌동)",,
은평구,"서울특별시 은평구 응암로22길 16, 1층 (응암동, 응암주택)",,
은평구,"서울특별시 은평구 연서로 247, 2층 (불광동)",,
은평구,"서울특별시 은평구 응암로11길 4-4, 1층 (응암동)",,
은평구,"서울특별시 은평구 진관2로 15-46, 6층 (진관동)",,
은평구,서울특별시 은평구 통일로85길 8-1 (갈현동),,
은평구,서울특별시 은평구 통일로65길 10-1 (대조동),,
은평구,"서울특별시 은평구 진흥로 148, 2층 (녹번동)",,
은평구,서울특별시 은평구 갈현로 18 (신사동),,
은평구,"서울특별시 은평구 역말로 11, 1층 (역촌동)",,
은평구,"서울특별시 은평구 갈현로 77, 1층 (역촌동, 우리빌딩)",,
은평구,"서울특별시 은평구 갈현로 14, 지하1층 (신사동)",,
은평구,"서울특별시 은평구 불광로 98, 2층 (불광동)",,
은평구,"서울특별시 은평구 진흥로1길 57-1, 1층 (역촌동)",,
은평구,"서울특별시 은평구 역말로 41, 2층 (역촌동)",,
은평구,"서울특별시 은평구 불광로 124, 지층 (불광동)",,
은평구,"서울특별시 은평구 은평로 6, 3층 (신사동)",,
은평구,"서울특별시 은평구 응암로21길 13, 2층 (응암동)",,
은평구,"서울특별시 은평구 진흥로1길 34, 효성빌딩 3층 (역촌동)",,
은평구,"서울특별시 은평구 연서로29길 8-10, 지하층 (갈현동)",,
은평구,"서울특별시 은평구 역말로 62, 1층 (역촌동)",,
은평구,"서울특별시 은평구 진관3로 22, 3층 (진관동)",,
은평구,"서울특별시 은평구 갈현로 60, 1층 (역촌동)",,
은평구,"서울특별시 은평구 서오릉로 71, 2층 (역촌동)",,
은평구,"서울특별시 은평구 은평로 56, 안건빌딩 4층 (신사동)",,
은평구,"서울특별시 은평구 은평로 205-5, 지하1층 (녹번동)",,
은평구,"서울특별시 은평구 통일로 905, 1층 나호 (갈현동)",,
은평구,"서울특별시 은평구 갈현로 318, 1층 (갈현동)",,
은평구,"서울특별시 은평구 응암로22길 22-1, 합도빌딩 3층 (응암동)",,
은평구,"서울특별시 은평구 갈현로 94, 1층 (역촌동)",,
은평구,"서울특별시 은평구 갈현로 82, 5층 (역촌동)",,
은평구,"서울특별시 은평구 통일로 835, 우리은행연신내지점 지하층 (대조동)",,
은평구,"서울특별시 은평구 가좌로 309, 1층 (신사동)",,
은평구,"서울특별시 은평구 갈현로 181-5, 202호 (갈현동)",,
은평구,"서울특별시 은평구 응암로 173, 2층 (응암동)",,
은평구,"서울특별시 은평구 응암로 154, 2층 (응암동)",,
은평구,"서울특별시 은평구 응암로13길 14, 지하1층 (응암동, 디우아르떼 아파트)",,
은평구,서울특별시 은평구 응암로241(응암동),,
은평구,서울특별시 은평구 진흥로1길24(역촌동),,
은평구,서울특별시 은평구 통일로69길29(대조동),,
은평구,서울특별시 은평구 갈현로181-24(갈현동),,
은평구,"서울특별시 은평구 가좌로7길11(응암동,,19)",,
은평구,서울특별시 은평구 갈현로100(역촌동),,
은평구,"서울특별시 은평구 불광로90(불광동,대호프라자아파트제상가동제지하층101,103호)",,
은평구,서울특별시 은평구 증산로21길11(신사동),,
은평구,"서울특별시 은평구 통일로856(불광동,메트로백화점7층)",,
은평구,"서울특별시 은평구 은평로108(응암동,외9필지메트로럭스주상APT1B01,2B01)",,
은평구,"서울특별시 은평구 불광천길536,지하1층,지하2층1B01호,1B02호,2B01호(응암동,애필리움)",,
은평구,서울특별시 은평구 응암로 13길 11-7(응암동),,
은평구,서울특별시 은평구 통일로 71길 16(대조동),,
은평구,서울특별시 은평구 진흥로 235(불광동),,
은평구,서울특별시 은평구 통일로 834(불광동),,
은평구,서울특별시 은평구 통일로 760(불광동),,
은평구,서울특별시 은평구 갈현로 7길 49(역촌동),,
은평구,서울특별시 은평구 통일로 1050(진관동),,
은평구,"서울특별시 은평구 응암로11길 15, 2층 (응암동)",,
은평구,"서울특별시 은평구 연서로29길 8, 2층 (갈현동)",,
은평구,"서울특별시 은평구 통일로 854 (불광동, 2층)",,
은평구,"서울특별시 은평구 서오릉로 72, 지하1층 (대조동)",,
은평구,서울특별시 은평구 통일로 728-1 (불광동),,
은평구,"서울특별시 은평구 은평로 111 (응암동, 지하 1층)",,
은평구,"서울특별시 은평구 연서로 249, 지하1층 (불광동)",,
은평구,"서울특별시 은평구 불광로 27, 지하1층 (대조동)",,
은평구,"서울특별시 은평구 갈현로 9, 2층 (신사동)",,
은평구,"서울특별시 은평구 연서로 205, 지하1층 (갈현동)",,
은평구,"서울특별시 은평구 통일로 715-12, 2층 (대조동)",,
은평구,"서울특별시 은평구 통일로 854 (불광동, 지하1층)",,
은평구,"서울특별시 은평구 통일로 727 (대조동,,9호(지상2층))",,
은평구,"서울특별시 은평구 연서로27길 7-1, 1,2층 (갈현동)",,
은평구,서울특별시 은평구 불광로 46 (불광동),,
은평구,"서울특별시 은평구 통일로83길 5-9, 2층 (갈현동)",,
은평구,"서울특별시 은평구 은평로 51-1 (신사동, 1층,2층)",,
은평구,"서울특별시 은평구 은평로 111, 8층 (응암동)",,
은평구,"서울특별시 은평구 은평로 108, 2층 204호 (응암동, 메트로럭스주상복합APT)",,
은평구,"서울특별시 은평구 통일로 855-20, 7층 (갈현동)",,
은평구,"서울특별시 은평구 통일로83길 5-6, 2층 (갈현동)",,
은평구,"서울특별시 은평구 은평로 17, 2층 (신사동)",,
은평구,"서울특별시 은평구 서오릉로 9-13 (응암동, 지하1층)",,
은평구,"서울특별시 은평구 연서로29길 16, 2층 (갈현동)",,
은평구,서울특별시 은평구 연서로 317 (불광동),,
은평구,"서울특별시 은평구 통일로65길 12-10, 1,2,3층 (대조동)",,
은평구,"서울특별시 은평구 진흥로 121-7, 지하1층 (대조동)",,
은평구,"서울특별시 은평구 통일로 1022 (진관동, 지하1층 B109호)",,
은평구,"서울특별시 은평구 서오릉로 200, 2층 (갈현동)",,
은평구,"서울특별시 은평구 통일로 863-8, 2층 (갈현동)",,
은평구,"서울특별시 은평구 통일로 738 (불광동, 제1호 내제3층 16호)",,
은평구,"서울특별시 은평구 서오릉로 204 (갈현동, 지층)",,
은평구,"서울특별시 은평구 연서로27길 16-6 (갈현동, 영인빌딩 2층)",,
은평구,"서울특별시 은평구 응암로 187 (응암동, 지하1층)",,
은평구,"서울특별시 은평구 통일로 842, 범서빌딩 3층 (불광동)",,
은평구,"서울특별시 은평구 불광로 20 (대조동, 팜스퀘어16층)",,
은평구,"서울특별시 은평구 통일로83길 6, 2층 (갈현동)",,
은평구,"서울특별시 은평구 응암로 339, 2층 (응암동)",,
은평구,서울특별시 은평구 통일로 684 (녹번동),,
은평구,"서울특별시 은평구 은평로 111, 은평이마트 8층 (응암동)",,
은평구,"서울특별시 은평구 은평로 111, 은평이마트 8층 (응암동)",,
은평구,"서울특별시 은평구 불광천길 536, 지하2층 (응암동, 애필리움)",,
은평구,"서울특별시 은평구 은평로 111, 지하1층 (응암동)",,
은평구,"서울특별시 은평구 은평로 195, 1층 (녹번동)",,
은평구,"서울특별시 은평구 은평로10길 2 (응암동, 지하1층)",,
은평구,"서울특별시 은평구 은평로 111 (응암동, 지하 1층)",,
은평구,"서울특별시 은평구 은평로 111 (응암동, 지하 1층)",,
은평구,"서울특별시 은평구 은평로 111 (응암동, 지하1층)",,
은평구,"서울특별시 은평구 은평로 111 (응암동, 지하 1층)",,
은평구,"서울특별시 은평구 은평로 111 (응암동, 지하 1층)",,
은평구,"서울특별시 은평구 은평로 111 (응암동,이마트8층 커피바코너)",,
은평구,"서울특별시 은평구 은평로 65, 지하1층 (역촌동)",,
은평구,"서울특별시 은평구 진흥로 112, 2층 (녹번동)",,
은평구,"서울특별시 은평구 은평로 111 (응암동, (응암이마트지상1층))",,
은평구,"서울특별시 은평구 은평로 111, 지하1층 (응암동)",,
은평구,"서울특별시 은평구 은평로 111, 8층 (응암동)",,
은평구,"서울특별시 은평구 통일로 855-4, 2층 (갈현동)",,
은평구,"서울특별시 은평구 연서로 135 (구산동, 1~4층)",,
은평구,"서울특별시 은평구 은평로 102 (응암동, 1층)",,
은평구,"서울특별시 은평구 통일로 838-4 (불광동, 외 1필지 1층)",,
은평구,"서울특별시 은평구 은평로 111, 은평이마트 지하1층 (응암동)",,
은평구,"서울특별시 은평구 은평로 111, 은평이마트 4층 (응암동)",,
은평구,"서울특별시 은평구 은평로 111 (응암동, 8층)",,
은평구,서울특별시 은평구 통일로 724-1(불광동),,
은평구,"서울특별시 은평구 연서로29길 7 (갈현동, 2층)",,
은평구,"서울특별시 은평구 갈현로 9, 2층 (신사동)",,
은평구,"서울특별시 은평구 은평로 64, 1층 (신사동)",,
은평구,"서울특별시 은평구 증산로21길 12 (신사동, 1층)",,
은평구,"서울특별시 은평구 은평로 43 (신사동, 2층)",,
은평구,"서울특별시 은평구 응암로 302, 1층 (응암동)",,
은평구,"서울특별시 은평구 은평로8길 8-1, 지층 (응암동)",,
은평구,"서울특별시 은평구 은평로 108 (응암동, 지하2층)",,
은평구,"서울특별시 은평구 응암로 248, 지하1층 (응암동)",,
은평구,"서울특별시 은평구 응암로 204 (응암동, 지층)",,
은평구,서울특별시 은평구 불광천길 390-2 (응암동),,
은평구,"서울특별시 은평구 응암로 190, 지하1층 (응암동)",,
은평구,"서울특별시 은평구 응암로 339, 2층 (응암동)",,
은평구,서울특별시 은평구 은평로 45-1 (신사동),,
은평구,서울특별시 은평구 불광천길 536 (응암동),,
은평구,서울특별시 은평구 응암로13길 22-1(응암동),,
은평구,"서울특별시 은평구 통일로 855-14, 1층 (갈현동)",,
은평구,"서울특별시 은평구 은평로10길 2 (응암동, 지하1층)",,
은평구,"서울특별시 은평구 응암로 302-1, 1층 (응암동)",,
은평구,"서울특별시 은평구 통일로83길 6-29  (갈현동,지층)",,
은평구,"서울특별시 은평구 연서로26길 9-1  (대조동,2층)",,
은평구,"서울특별시 은평구 은평로11길 11-2  (녹번동,남전빌딩 2층)",,
은평구,"서울특별시 은평구 연서로 209  (갈현동,보성빌딩 지하1층)",,
은평구,"서울특별시 은평구 서오릉로 151  (구산동,지층)",,
은평구,"서울특별시 은평구 진흥로1길 28 (역촌동,지층 제B101호 일부분)",,
은평구,"서울특별시 은평구 진흥로 134  (녹번동,지층)",,
은평구,"서울특별시 은평구 서오릉로 82  (대조동,지층)",,
은평구,"서울특별시 은평구 통일로78길 7, BSPORET스포츠센터 2~6층 (불광동)",,
은평구,"서울특별시 은평구 진관3로 37, 은평구 뉴타운2지구 에코테라스 2층 208호 (진관동)",,
은평구,서울특별시 은평구 백련산로4길 16 (응암동),,
은평구,"서울특별시 은평구 서오릉로 94  (대조동,지하2층)",,
은평구,서울특별시 은평구 통일로 677 (녹번동),,
은평구,"서울특별시 은평구 연서로17길 13, 2층동 (갈현동)",,
은평구,"서울특별시 은평구 연서로29길 14-13  (갈현동,4층)",,
은평구,"서울특별시 은평구 응암로 248  (응암동,3층)",,
은평구,서울특별시 은평구 서오릉로 208  (갈현동),,
은평구,"서울특별시 은평구 연서로29길 13  (갈현동,3층)",,
은평구,"서울특별시 은평구 은평로 173, 3층동 (응암동)",,
은평구,"서울특별시 은평구 통일로66길 2, 3층동 (불광동)",,
은평구,"서울특별시 은평구 가좌로 318  (신사동,2층)",,
은평구,서울특별시 은평구 은평로 37 (신사동),,
은평구,"서울특별시 은평구 가좌로5길 22-1  (응암동,지층)",,
은평구,"서울특별시 은평구 서오릉로 195  (구산동,지층)",,
은평구,"서울특별시 은평구 응암로 292 (응암동,3층)",,
은평구,"서울특별시 은평구 응암로 247  (응암동,(4층))",,
은평구,"서울특별시 은평구 연서로29길 8-15  (갈현동,4층)",,
은평구,"서울특별시 은평구 은평로 193-2, 3층동 (녹번동)",,
은평구,"서울특별시 은평구 은평로 34 (신사동,지층)",,
은평구,"서울특별시 은평구 응암로13길 5 (응암동, 3층)",,
은평구,"서울특별시 은평구 통일로83길 6  (갈현동,3층)",,
은평구,"서울특별시 은평구 연서로 211  (갈현동,5층)",,
은평구,"서울특별시 은평구 응암로 180 (응암동,2층)",,
은평구,"서울특별시 은평구 응암로 252 (응암동,2층)",,
은평구,서울특별시 은평구 통일로 739 (대조동),,
은평구,"서울특별시 은평구 증산로 307  (증산동,3층)",,
은평구,"서울특별시 은평구 서오릉로 140  (대조동,지층)",,
은평구,서울특별시 은평구 갈현로 77  (역촌동),,
은평구,"서울특별시 은평구 통일로87길 21 (갈현동,3층)",,
은평구,"서울특별시 은평구 연서로 214, 3층 (대조동)",,
은평구,"서울특별시 은평구 통일로87길 5-9  (갈현동,2층)",,
은평구,"서울특별시 은평구 증산서길 107  (증산동,2층)",,
은평구,"서울특별시 은평구 역말로 101  (역촌동,토마스빌딩 지층)",,
은평구,"서울특별시 은평구 통일로83길 6-5  (갈현동,삼양빌딩 4층)",,
은평구,서울특별시 은평구 은평로 145  (응암동),,
은평구,"서울특별시 은평구 응암로11길 3  (응암동,3층)",,
은평구,"서울특별시 은평구 서오릉로 58  (녹번동,지층)",,
은평구,서울특별시 은평구 서오릉로 178  (갈현동),,
은평구,"서울특별시 은평구 은평로 91 (응암동,B동 지층)",,
은평구,"서울특별시 은평구 통일로 751, 지층 (대조동)",,
은평구,"서울특별시 은평구 연서로 292 (불광동,3층)",,
은평구,"서울특별시 은평구 갈현로 82 (역촌동,2층)",,
은평구,서울특별시 은평구 응암로 247(응암동),,
은평구,"서울특별시 은평구 증산로 361 (증산동,지층)",,
은평구,"서울특별시 은평구 갈현로 188 (갈현동,지층)",,
은평구,"서울특별시 은평구 은평로 229 (녹번동,지층)",,
은평구,서울특별시 은평구 불광천길 326 (응암동),,
은평구,"서울특별시 은평구 증산로9길 12  (증산동,2층)",,
은평구,"서울특별시 은평구 응암로 178-1  (응암동,지층)",,
은평구,서울특별시 은평구 대서문길 9  (진관동),,
은평구,"서울특별시 은평구 연서로 317  (불광동,2층)",,
은평구,"서울특별시 은평구 연서로27길 15 (갈현동,지하)",,
은평구,서울특별시 은평구 증산서길 153 (증산동),,
은평구,"서울특별시 은평구 통일로 723 (대조동,3층)",,
은평구,"서울특별시 은평구 응암로 247 (응암동,4층)",,
은평구,"서울특별시 은평구 연서로29길 20-11  (갈현동,3층)",,
은평구,서울특별시 은평구 연서로4길 6 (역촌동),,
은평구,"서울특별시 은평구 응암로 213  (응암동,지층)",,
은평구,"서울특별시 은평구 은평로 17, 신사동동 (신사동, 3층)",,
은평구,"서울특별시 은평구 응암로 340-1  (응암동,대진빌딩 3층)",,
은평구,"서울특별시 은평구 역서로 91, 2층",,
은평구,"서울특별시 은평구 연서로29길 16  (갈현동,3층)",,
은평구,"서울특별시 은평구 연서로27길 8-7  (갈현동,3층)",,
은평구,"서울특별시 은평구 연서로 154  (대조동,3층)",,
은평구,"서울특별시 은평구 불광로 10  (대조동,2층)",,
은평구,"서울특별시 은평구 진흥로 29  (역촌동,3층)",,
은평구,"서울특별시 은평구 연서로 262, 불광빌딩 (불광동)",,
은평구,서울특별시 은평구 증산서길 98,,
은평구,"서울특별시 은평구 응암로 200, 3층 (응암동)",,
은평구,서울특별시 은평구 응암로21길 지하 126 (응암동),,
은평구,서울특별시 은평구 갈현로 54-8 (역촌동),,
은평구,"서울특별시 은평구 응암로 161 (녹번동, 2층)",,
은평구,서울특별시 은평구 진흥로1길 24 (역촌동),,
은평구,서울특별시 은평구 역말로 6 (역촌동),,
은평구,"서울특별시 은평구 진흥로 105-6 (역촌동, 니오빌딩)",,
은평구,"서울특별시 은평구 진관2로 15-46, 5층 (진관동)",,
은평구,서울특별시 은평구 통일로 937 (갈현동),,
은평구,"서울특별시 은평구 연서로29길 8 (갈현동, 3층)",,
은평구,"서울특별시 은평구 통일로 822 (불광동, 지층)",,
은평구,"서울특별시 은평구 응암로 247, 외환은행 (응암동)",,
은평구,서울특별시 은평구 연서로 71 (역촌동),,
은평구,서울특별시 은평구 증산서길 154 (증산동),,
은평구,"서울특별시 은평구 가좌로 321 (신사동, 백송빌딩)",,
은평구,서울특별시 은평구 연서로 58 (역촌동),,
은평구,"서울특별시 은평구 연서로 295 (불광동, 파란채빌딩)",,
은평구,"서울특별시 은평구 은평로 52, 5층 (신사동, 명성빌딩)",,
은평구,서울특별시 은평구 응암로22길 20 (응암동),,
은평구,"서울특별시 은평구 갈현로 186, 지층 (갈현동)",,
은평구,"서울특별시 은평구 갈현로16길 17, 시온산교회 2층 (구산동)",,
은평구,"서울특별시 은평구 진관3로 22, 이로운프라자 9층 (진관동)",,
은평구,"서울특별시 은평구 통일로83길 6-29, 유진빌딩 4층 (갈현동)",,
은평구,"서울특별시 은평구 응암로 269, 3층 (응암동)",,
은평구,"서울특별시 은평구 갈현로36길 18-1, 2층 (갈현동)",,
은평구,"서울특별시 은평구 통일로87길 6, 지층 (갈현동)",,
은평구,"서울특별시 은평구 연서로 195, 영보빌딩 지층 (갈현동)",,
은평구,서울특별시 은평구 통일로85길 16 (갈현동),,
은평구,서울특별시 은평구 연서로 29길 22-16(지층)(갈현동),,
은평구,서울특별시 은평구 연서로 195(영보빌딩지하)(갈현동),,
은평구,서울특별시 은평구 통일로 87길 2-18(갈현동),,
은평구,서울특별시 은평구 진흥로 156(4층)(녹번동),,
은평구,서울특별시 은평구 응암로 339(응암동),,
은평구,서울특별시 은평구 통일로 834(불광동),,
은평구,서울특별시 은평구 증산로 253(증산동),,
은평구,서울특별시 은평구 응암로 250-1(응암동),,
은평구,서울특별시 은평구 응암로 12길13(응암동),,
은평구,서울특별시 은평구 가좌로 179(응암동),,
은평구,서울특별시 은평구 은평로 136(응암동),,
은평구,서울특별시 은평구 은평로 13길24(녹번동),,
은평구,서울특별시 은평구 진흥로 235(불광동),,
은평구,서울특별시 은평구 통일로 1050(진관동),,
은평구,서울특별시 은평구 통일로 834(불광동),,
은평구,서울특별시 은평구 통일로 71길 16(대조동),,
은평구,서울특별시 은평구 통일로 760(불광동),,
은평구,서울특별시 은평구 연서로48길 41(진관동),,
은평구,서울특별시 은평구 갈현로11길 30(구산동),,
은평구,서울특별시 은평구 갈현로11길 30(구산동),,
은평구,서울특별시 은평구 은평로8길 1(응암동),,
은평구,서울특별시 은평구 백련산로 90(응암동),,
은평구,서울특별시 은평구 갈현로 7길 49(역촌동),,
은평구,서울특별시 은평구 갈현로 7길 49(역촌동),,
은평구,서울특별시 은평구 갈현로 7길 49(역촌동),,
은평구,서울특별시 은평구 연서로 365(불광동),,
은평구,서울특별시 은평구 은평로 195(녹번동),,
은평구,서울특별시 은평구 은평로 195(녹번동),,
은평구,서울특별시 은평구 통일로 962(진관동),,
은평구,서울특별시 은평구 증산로5길 6(증산동),,
은평구,서울특별시 은평구 불광로 20 (대조동),,
은평구,서울특별시 은평구 북한산로 276 예강1(진관동),,
서대문구,서울특별시 서대문구 연희로248,,
서대문구,서울특별시 서대문구 연희로248,,
서대문구,서울특별시 서대문구 연희로182,,
서대문구,서울특별시 서대문구 서소문로51,,
서대문구,서울특별시 서대문구 성산로20길 9,,
서대문구,서울특별시 서대문구 성산로20길 9,,
서대문구,서울특별시 서대문구 성산로20길 9,,
서대문구,서울특별시 서대문구 통일로113,,
서대문구,서울특별시 서대문구 통일로97,,
서대문구,서울특별시 서대문구 충정로36,,
서대문구,서울특별시 서대문구 충정로60,,
서대문구,서울특별시 서대문구 충정로60,,
서대문구,서울특별시 서대문구 연세로50-1,,
서대문구,서울특별시 서대문구 경기대로44,,
서대문구,서울특별시 서대문구 통일로37길 51,,
서대문구,서울특별시 서대문구 가좌로134,,
서대문구,서울특별시 서대문구 거북골로34,,
서대문구,서울특별시 서대문구 신촌로197,,
서대문구,서울특별시 서대문구 응암로121,,
서대문구,서울특별시 서대문구 성산로321,,
서대문구,서울특별시 서대문구 성산로263,,
서대문구,서울특별시 서대문구 수색로56,,
서대문구,서울특별시 서대문구 경기대로47,,
서대문구,서울특별시 서대문구 경기대로9,,
서대문구,서울특별시 서대문구 충정로29,,
서대문구,서울특별시 서대문구 통일로135,,
서대문구,서울특별시 서대문구 충정로70,,
서대문구,서울특별시 서대문구 충정로50,,
서대문구,서울특별시 서대문구 서소문로21,,
서대문구,서울특별시 서대문구 충정로8,,
서대문구,서울특별시 서대문구 서소문로45,,
서대문구,서울특별시 서대문구 연희로142,,
서대문구,서울특별시 서대문구 신촌로73,,
서대문구,서울특별시 서대문구 연희로407,,
서대문구,서울특별시 서대문구 신촌로231,,
서대문구,서울특별시 서대문구 신촌로183,,
서대문구,서울특별시 서대문구 신촌로113,,
서대문구,서울특별시 서대문구 충정로23,,
서대문구,서울특별시 서대문구 연세로13,,
서대문구,서울특별시 서대문구 신촌로83,,
마포구,서울특별시 마포구 월드컵로 212,,
양천구,양천구청 부지,,
양천구,해누리타운 4층 옥외정원,,
양천구,양천경찰서 부지,,
양천구,남부지방법원 후문 옆,,
양천구,양천세무서 부지 우측,,
양천구,서울시 출입국관리사무소 부지,,
양천구,법무복지공단 부지,,
양천구,이대목동병원 부지,,
양천구,홍익병원 옥상,,
양천구,서남병원 부지,,
양천구,현대백화점 4층,,
양천구,방송회관 7층,,
양천구,상운맘모스빌딩 옥상,,
양천구,양천벤처타운 부지,,
양천구,현대41타워 부지,,
양천구,SBS 부지,,
양천구,KT 목동타워 부지,,
양천구,KT 정보센터 부지,,
양천구,목동아이스링크 부지,,
양천구,메디컬센터 옥상,,
양천구,양천차고지 1층,,
양천구,현대드림타워 후문 부지,,
양천구,부영그린타운 3차 부지,,
구로구,서울특별시 구로구 경인로 430,,
구로구,서울특별시 구로구 경인로 427,,
구로구,서울특별시 구로구 구로동로 148,,
구로구,서울특별시 구로구 디지털로 243,,
구로구,서울특별시 구로구 디지털로 300,,
구로구,서울특별시 구로구 디지털로 288,,
구로구,서울특별시 구로구 디지털로 306,,
구로구,서울특별시 구로구 디지털로34길 27,,
구로구,서울특별시 구로구 디지털로32길 30,,
구로구,서울특별시 구로구 디지털로33길 27,,
구로구,서울특별시 구로구 디지털로34길 55,,
구로구,서울특별시 구로구 디지털로33길 28,,
구로구,서울특별시 구로구 디지털로33길 55,,
구로구,서울특별시 구로구 디지털로31길 19,,
구로구,서울특별시 구로구 디지털로29길 38,,
구로구,서울특별시 구로구 디지털로26길 5,,
구로구,서울특별시 구로구 디지털로32길 29,,
구로구,서울특별시 구로구 디지털로26길 123,,
강서구,화곡로 302 강서구청 주차장 뒤편,,
강서구,우장산로 66 강서구민회관 1층,,
강서구,"LG 사이언스파크 마곡중앙10로 10, 30, 70, 71 건물 옥상 10개소",,
강서구,LG 사이언스파크 마곡중앙10로 70 E14동 1층 옆,,
강서구,LG 사이언스파크 마곡중앙10로 10 W5동 1층 옆,,
강서구,LG 사이언스파크마곡중앙10로 10 W6동 1층 옆,,
강서구,공항대로 150 마곡홈앤쇼핑 옥상,,
강서구,공항대로 150 마곡홈앤쇼핑 옥상,,
강서구,공항대로 213 보타닉 파크타워 옥상,,
강서구,마곡중앙8로 3길 79 옥상,,
강서구,마곡중앙8로 1길 62 옥상,,
강서구,마곡중앙 8로 3길 57 옥상,,
강서구,마곡중앙8로 3길 55 옥상,,
강서구,마곡중앙8로 3길 53 옥상,,
강서구,강서로 443 마곡대명투웨니퍼스트 옥상,,
강서구,강서로 449 벨리오 오피스텔 옥상,,
강서구,마곡중앙8로 7길 45 1층 후문 옆,,
강서구,마곡중앙8로 3길 35 옥상,,
강서구,마곡서로 170 1층  후문,,
강서구,마곡중앙5로 1길 25 1층 후문,,
강서구,마곡서로 158 후문,,
강서구,마곡중앙 8로 1길 16 1층 2곳,,
강서구,마곡중앙 10로 80 1층 주차장 옆,,
강서구,강서구 마곡중앙로 201 주차장 옆,,
강서구,마곡중앙로 150 옥상,,
강서구,양천로 583 1층,,
강서구,양천로 251 마곡실내배드민턴장 1층 추자창 뒤편,,
강서구,하늘길 233 골프연습장,,
강서구,공항대로 411 골프연습장,,
강서구,마곡중앙6로 65 지투프라자 3층,,
강서구,마곡중앙6로 69 3층,,
강서구,양천로 351 1층,,
영등포구,한강프리젠,,
영등포구,프리가,,
영등포구,에이스 테크노타워,,
영등포구,고려빌딩,,
영등포구,리버타워오피스텔,,
영등포구,금강빌딩,,
영등포구,두일빌딩,,
영등포구,영등포아트자이아파트,,
영등포구,데시잉루브,,
영등포구,금산빌딩,,
영등포구,홍진빌딩,,
영등포구,리앤나빌리지,,
영등포구,중앙빌딩,,
영등포구,JB빌딩,,
영등포구,금융투자센터빌딩,,
영등포구,아이에스비즈타워 1차,,
영등포구,LG트윈타워빌딩,,
영등포구,오성빌딩,,
영등포구,토산빌딩,,
영등포구,도림시장㈜,,
영등포구,우림이비지센터,,
영등포구,제일빌딩,,
영등포구,에이스하이테크시티2,,
영등포구,에이스하이테크시티,,
영등포구,SK V1 center,,
영등포구,아이에스비즈타워 2차,,
영등포구,은석 오피스텔,,
영등포구,하나비즈타워,,
영등포구,유성빌딩,,
영등포구,대륭빌딩,,
영등포구,태양빌딩,,
영등포구,백상빌딩,,
영등포구,센터플러스,,
영등포구,"선유도우림아이온스밸리 A,B동",,
영등포구,금강펜테리움IT타워,,
영등포구,타원벨라움,,
영등포구,데시앙루브,,
영등포구,문래임광그대가,,
영등포구,양평 이노플렉스,,
영등포구,삼성타운,,
영등포구,한서리버파크,,
영등포구,트리플렉스,,
영등포구,아라비즈타워,,
영등포구,에이스테크노타워,,
영등포구,선유로코오롱디지털타워,,
영등포구,한양아이크랠스,,
영등포구,양평우림보보카운티,,
영등포구,하우스디비즈 지식산업센터,,
영등포구,홍우빌딩,,
영등포구,가든빌딩,,
영등포구,삼성 코코빌,,
영등포구,정우빌딩,,
영등포구,월드메르디앙비즈센터,,
영등포구,맨하탄빌딩,,
영등포구,NH투자증권본사,,
영등포구,코레일유통,,
영등포구,한국우편사업진흥원,,
영등포구,대림중앙시장,,
영등포구,여의도 한화증권 앞,,
영등포구,여의도 오투타워 앞,,
동작구,서울특별시 동작구 노량진로 174,,
관악구,에이치플러스양지병원,,
관악구,롯데백화점 관악점,,
관악구,관악구청 2층 테라스,,
관악구,관악구청 9층 옥상,,
관악구,관악구의회 6층 옥상,,
관악구,관악구 보건소 6층 옥상,,
관악구,싱글벙글센터 뒷편,,
관악구,관악문화관도서관,,
관악구,강남고려병원,,
관악구,포도몰,,
서초구,사당역 2번 출구와 3번 출구 사이 보도,,
서초구,강남역 7번 출구와 8번출구 사이 보도 서초동 1319-5 앞,,
서초구,방배역3번출구 먹자골목 입구방배동 910-9 옆,,
서초구,방배천복개도로 명동칼국수방배동 450-14 앞,,
서초구,서초대로 78길 24 서초동 1327-5 스타벅스 앞,,
서초구,서초대로 78길 42 서초동 1330-18 현대기림오피스텔 앞,,
서초구,원지동 23서초종합체육센터 입구,,
서초구,방배동 438-38(서울시공공자전거 수서센터  앞) ,,
서초구,방배천복개도로 방배경찰서방배동 455-10 앞,,
서초구,방배천복개도로 그린골프장방배동 452-1 앞,,
서초구, 서희타워서초동1366-4 옆 이면도로,,
서초구,양재환승주차장 세븐일레븐 편의점 옆,,
서초구,서초구청 주차장 자판기 옆,,
서초구,교보생명보험㈜서초사옥 부지주차장 진입로 옆),,
서초구,엘타워 뒤 주차장 진입로 옆,,
서초구,서울가정행정법원 청사 출입계단 밑,,
서초구,센트럴시티 경부선 하차장 옆,,
서초구,센트럴시티 호남선 출입구 옆,,
서초구,센트럴시티  경부선 건물 남쪽 외부 공간,,
서초구,고속버스터미널역 3번출구 앞,,
서초구,남부순환로350길 36 강촌쭈꾸미 앞 전신주 주변,,
서초구,강남대로30길 7 카센터 옆 기존 주차구역(영동교회 맞은편),,
서초구,남부순환로 2636 건물 우측 골목(오선채 좌측골목),,
서초구,논현로31길 9 전국자동차노조연맹 사옥건물 뒤 사거리,,
서초구,바우뫼로 201 블랙야크빌딩 주차장 출입구 옆 사거리,,
서초구,강남대로 148 서울마더스성형외과 앞 녹지 사이 보도,,
서초구,양재천로21길 29 앞 녹지 사이 보도,,
서초구,양재천로21길 3 건물 앞 보도 가각지점,,
서초구,강남대로27길 7-21 건물 앞 횃불어린이공원 경계,,
서초구,양재천로19길 34 건물 앞 녹지 사이 보도,,
서초구,바우뫼로 128 비스텔타워 후면 전신주 주변,,
서초구,강남대로 193 서울가정행정법원 청사계단 옆,,
서초구,강남대로 213 엘타워 주차장 입구,,
서초구,강남대로 221 양재주차빌딩(양재역 환승주차장) 옆,,
서초구,바우뫼로21길 10 진입로 입구,,
서초구,바우뫼로27길 13 세븐일레븐 편의점 앞,,
서초구,강남대로27길 7-9 느린마을양조장 앞,,
서초구,양재동 261-22 양재천 족구장 기존 흡연구역,,
서초구,마방로10길 25 건물 주차장 기업은행 지주간판 도로,,
서초구,논현로 31 빌딩 앞 사거리 가각지점,,
서초구,논현로1길 23 아파트 외부 보도 가각지점,,
서초구,동산로16길 34 건물 앞 가각지점 보도(화단 옆),,
서초구,논현로1길 83 앞 녹지 옆 기존 흡연구역,,
서초구,강남대로8길 77 동산마을구립주차장 내,,
서초구,강남대로6길 60-23 건물 후면 양재대로변 ,,
서초구,강남대로4길 5 카센터 앞 보도,,
서초구,강남대로6길 16 건물 앞 녹지사이 보도,,
서초구,강남대로8길 3 건물 앞 보도 끝지점,,
서초구,강남대로10길 21 건물 앞 녹지사이 보도,,
서초구,마방로2길 26 건물 앞 녹지사이 보도,,
서초구,양재동 221-3 건물 앞 녹지사이 보도,,
서초구,논현로 27 소호정 주차장,,
서초구,논현로 71 평가옥 앞 ,,
서초구,동산로2길 27 한성생고기 앞,,
서초구,양재동 316 띠녹지 안,,
서초구,강남대로27 AT센터 앞,,
서초구,매헌로16길 32 희경재단 앞 녹지대,,
송파구,서울특별시 송파구 올림픽로 300,,
송파구,서울특별시 송파구 법원로11길 7,,
송파구,서울특별시 송파구 충민로66,,
송파구,서울특별시 송파구 법원로 128,,
